--
-- PostgreSQL database dump
--

-- Dumped from database version 12.3
-- Dumped by pg_dump version 12.3

SET statement_timeout = 0;
SET lock_timeout = 0;
SET idle_in_transaction_session_timeout = 0;
SET client_encoding = 'UTF8';
SET standard_conforming_strings = on;
SELECT pg_catalog.set_config('search_path', '', false);
SET check_function_bodies = false;
SET xmloption = content;
SET client_min_messages = warning;
SET row_security = off;

SET default_tablespace = '';

--SET default_table_access_method = heap;

--
-- Name: events; Type: TABLE; Schema: public; Owner: -
-- This creates the public events table with fields
CREATE TABLE public.events (
    id integer NOT NULL,
    event_name character varying,
    venue character varying,
    created_at timestamp without time zone,
    updated_at timestamp without time zone
);


-- This sets the sequence for how a field will react
CREATE SEQUENCE public.events_id_seq
    AS integer
    START WITH 1
    INCREMENT BY 1
    NO MINVALUE
    NO MAXVALUE
    CACHE 1;

-- This assigns the sequence to a field
ALTER SEQUENCE public.events_id_seq OWNED BY public.events.id;


CREATE TABLE public.family (
    id integer NOT NULL,
    members integer NOT NULL,
    family_name character varying,
    created_at timestamp without time zone,
    updated_at timestamp without time zone
);

CREATE SEQUENCE public.family_id_seq
    AS integer
    START WITH 1
    INCREMENT BY 1
    NO MINVALUE
    NO MAXVALUE
    CACHE 1;

ALTER SEQUENCE public.family_id_seq OWNED BY public.family.id;



CREATE TABLE public.family_events (
    id integer NOT NULL,
    event_id integer,
    family_id integer,
    attending integer,
    created_at timestamp without time zone,
    updated_at timestamp without time zone
);



CREATE SEQUENCE public.family_events_id_seq
    AS integer
    START WITH 1
    INCREMENT BY 1
    NO MINVALUE
    NO MAXVALUE
    CACHE 1;



ALTER SEQUENCE public.family_events_id_seq OWNED BY public.family_events.id;


CREATE TABLE public.auth (
    family_name character varying,
    secret_id  integer NOT NULL,
    family_id integer,
    created_at timestamp without time zone,
    updated_at timestamp without time zone
);



-- Done making tables



 -- Not sure what these do
ALTER TABLE ONLY public.events ALTER COLUMN id SET DEFAULT nextval('public.events_id_seq'::regclass);




ALTER TABLE ONLY public.family ALTER COLUMN id SET DEFAULT nextval('public.family_id_seq'::regclass);




ALTER TABLE ONLY public.family_events ALTER COLUMN id SET DEFAULT nextval('public.family_events_id_seq'::regclass);


--
-- Data for Name: events; Type: TABLE DATA; Schema: public; Owner: -
-- Set up information in table

COPY public.events (id, event_name, venue, created_at, updated_at) FROM stdin;
1	Ceremony	Hyatt Chesapeake Bay Manor Lawn	2021-05-17 00:00:00	2021-05-17 00:00:00
2	Reception	Hyatt Chesapeake Bay Chesapeake Ballroom	2021-05-17 00:00:00	2021-05-17 00:00:00
3	Meet & Greet + Sangeet	Hyatt Chesapeake Bay Choptank Ballroom	2021-05-17 00:00:00	2021-05-17 00:00:00
\.


--
-- Data for Name: movies; Type: TABLE DATA; Schema: public; Owner: -
--

COPY public.family (id, family_name, members, created_at, updated_at) FROM stdin;
1	Jain	4	2021-10-17 00:00:00	2021-10-17 00:00:00
2	Sharma	5	2021-10-17 00:00:00	2021-10-17 00:00:00
3	Majhail	5	2021-10-17 00:00:00	2021-10-17 00:00:00
4	Kaushal	3	2021-10-17 00:00:00	2021-10-17 00:00:00
5	Kaushal	2	2021-10-17 00:00:00	2021-10-17 00:00:00
6	Kaushal	4	2021-10-17 00:00:00	2021-10-17 00:00:00
7	Kaushal	2	2021-10-17 00:00:00	2021-10-17 00:00:00
8	Kaushal	2	2021-10-17 00:00:00	2021-10-17 00:00:00
9	Batish	2	2021-10-17 00:00:00	2021-10-17 00:00:00
10	Batish	5	2021-10-17 00:00:00	2021-10-17 00:00:00
11	Batish	2	2021-10-17 00:00:00	2021-10-17 00:00:00
12	Battish	2	2021-10-17 00:00:00	2021-10-17 00:00:00
13	Battish	4	2021-10-17 00:00:00	2021-10-17 00:00:00
14	Battish	4	2021-10-17 00:00:00	2021-10-17 00:00:00
15	Battish	2	2021-10-17 00:00:00	2021-10-17 00:00:00
16	Battish	2	2021-10-17 00:00:00	2021-10-17 00:00:00
17	Battish	4	2021-10-17 00:00:00	2021-10-17 00:00:00
18	Patel	4	2021-10-17 00:00:00	2021-10-17 00:00:00
19	Dhawan	4	2021-10-17 00:00:00	2021-10-17 00:00:00
20	Arora	2	2021-10-17 00:00:00	2021-10-17 00:00:00
21	Kapoor	2	2021-10-17 00:00:00	2021-10-17 00:00:00
22	Jaychandran	2	2021-10-17 00:00:00	2021-10-17 00:00:00
23	Setia	1	2021-10-17 00:00:00	2021-10-17 00:00:00
24	Indumati	2	2021-10-17 00:00:00	2021-10-17 00:00:00
25	Nayak	2	2021-10-17 00:00:00	2021-10-17 00:00:00
26	Manu	2	2021-10-17 00:00:00	2021-10-17 00:00:00
27	Rastogi	2	2021-10-17 00:00:00	2021-10-17 00:00:00
28	Jolly	6	2021-10-17 00:00:00	2021-10-17 00:00:00
29	Ryan	1	2021-10-17 00:00:00	2021-10-17 00:00:00
30	McNeil	2	2021-10-17 00:00:00	2021-10-17 00:00:00
31	Burnham	2	2021-10-17 00:00:00	2021-10-17 00:00:00
32	Burnham	2	2021-10-17 00:00:00	2021-10-17 00:00:00
33	Bozicevich	1	2021-10-17 00:00:00	2021-10-17 00:00:00
34	Casterline	2	2021-10-17 00:00:00	2021-10-17 00:00:00
35	Settineri	2	2021-10-17 00:00:00	2021-10-17 00:00:00
36	Tsuda	2	2021-10-17 00:00:00	2021-10-17 00:00:00
37	Swanson	2	2021-10-17 00:00:00	2021-10-17 00:00:00
38	Sharma	2	2021-10-17 00:00:00	2021-10-17 00:00:00
39	Ababio	1	2021-10-17 00:00:00	2021-10-17 00:00:00
40	Jabin	1	2021-10-17 00:00:00	2021-10-17 00:00:00
41	Ali	1	2021-10-17 00:00:00	2021-10-17 00:00:00
42	Sharma	2	2021-10-17 00:00:00	2021-10-17 00:00:00
43	Jain	4	2021-10-17 00:00:00	2021-10-17 00:00:00
44	Jain	2	2021-10-17 00:00:00	2021-10-17 00:00:00
45	Jain	2	2021-10-17 00:00:00	2021-10-17 00:00:00
46	Jain	6	2021-10-17 00:00:00	2021-10-17 00:00:00
47	Jain	4	2021-10-17 00:00:00	2021-10-17 00:00:00
48	Sharma	4	2021-10-17 00:00:00	2021-10-17 00:00:00
49	Vasudevan	3	2021-10-17 00:00:00	2021-10-17 00:00:00
50	Sharma	3	2021-10-17 00:00:00	2021-10-17 00:00:00
51	Singh	3	2021-10-17 00:00:00	2021-10-17 00:00:00
52	Manchanda	3	2021-10-17 00:00:00	2021-10-17 00:00:00
53	Bawa	4	2021-10-17 00:00:00	2021-10-17 00:00:00
54	Aggarwal	3	2021-10-17 00:00:00	2021-10-17 00:00:00
55	Katyal	3	2021-10-17 00:00:00	2021-10-17 00:00:00
56	Sud	2	2021-10-17 00:00:00	2021-10-17 00:00:00
57	Dogra	2	2021-10-17 00:00:00	2021-10-17 00:00:00
58	Joshi	3	2021-10-17 00:00:00	2021-10-17 00:00:00
59	Raghavan	3	2021-10-17 00:00:00	2021-10-17 00:00:00
60	Marwah	3	2021-10-17 00:00:00	2021-10-17 00:00:00
61	Monteforte	1	2021-10-17 00:00:00	2021-10-17 00:00:00
62	Dhillon	3	2021-10-17 00:00:00	2021-10-17 00:00:00
63	Nair	3	2021-10-17 00:00:00	2021-10-17 00:00:00
64	Kanodia	2	2021-10-17 00:00:00	2021-10-17 00:00:00
65	Malhotra	2	2021-10-17 00:00:00	2021-10-17 00:00:00
66	Sandhu	3	2021-10-17 00:00:00	2021-10-17 00:00:00
67	Wadhwa	4	2021-10-17 00:00:00	2021-10-17 00:00:00
68	Gupta	4	2021-10-17 00:00:00	2021-10-17 00:00:00
69	Baluja	2	2021-10-17 00:00:00	2021-10-17 00:00:00
70	Takiar	2	2021-10-17 00:00:00	2021-10-17 00:00:00
71	Singh	4	2021-10-17 00:00:00	2021-10-17 00:00:00
72	Baluja	5	2021-10-17 00:00:00	2021-10-17 00:00:00
73	Walia	4	2021-10-17 00:00:00	2021-10-17 00:00:00
74	Singh	2	2021-10-17 00:00:00	2021-10-17 00:00:00
75	Gulati	4	2021-10-17 00:00:00	2021-10-17 00:00:00
76	Gupta	3	2021-10-17 00:00:00	2021-10-17 00:00:00
77	Eidnani	4	2021-10-17 00:00:00	2021-10-17 00:00:00
78	Singh	4	2021-10-17 00:00:00	2021-10-17 00:00:00
79	Payravi	1	2021-10-17 00:00:00	2021-10-17 00:00:00
80	Patel	1	2021-10-17 00:00:00	2021-10-17 00:00:00
81	Vaday	2	2021-10-17 00:00:00	2021-10-17 00:00:00
82	Zhu	2	2021-10-17 00:00:00	2021-10-17 00:00:00
83	Moparti	1	2021-10-17 00:00:00	2021-10-17 00:00:00
84	Alarcon	1	2021-10-17 00:00:00	2021-10-17 00:00:00
85	Parekh	1	2021-10-17 00:00:00	2021-10-17 00:00:00
86	Patel	1	2021-10-17 00:00:00	2021-10-17 00:00:00
87	Seile	1	2021-10-17 00:00:00	2021-10-17 00:00:00
88	Oh	1	2021-10-17 00:00:00	2021-10-17 00:00:00
89	Messing	2	2021-10-17 00:00:00	2021-10-17 00:00:00
90	Jain	2	2021-10-17 00:00:00	2021-10-17 00:00:00
91	Panesar	2	2021-10-17 00:00:00	2021-10-17 00:00:00
92	Tandon	2	2021-10-17 00:00:00	2021-10-17 00:00:00
93	Akkad	2	2021-10-17 00:00:00	2021-10-17 00:00:00
94	Thomas	2	2021-10-17 00:00:00	2021-10-17 00:00:00
95	Arora	3	2021-10-17 00:00:00	2021-10-17 00:00:00
96	Arzhanova	2	2021-10-17 00:00:00	2021-10-17 00:00:00
97	Gusani	2	2021-10-17 00:00:00	2021-10-17 00:00:00
98	Batish	5	2021-12-16 00:00:00	2021-12-16 00:00:00
99	Sharma	2	2021-12-16 00:00:00	2021-12-16 00:00:00
100	Sharma	2	2021-12-16 00:00:00	2021-12-16 00:00:00
101	Sharma	2	2021-12-16 00:00:00	2021-12-16 00:00:00
\.


--
-- Data for Name: movies_genres; Type: TABLE DATA; Schema: public; Owner: -
--

COPY public.family_events (id, family_id, event_id, attending, created_at, updated_at) FROM stdin;
1	1	1	0	2021-10-17 00:00:00	2021-10-17 00:00:00
2	1	2	0	2021-10-17 00:00:00	2021-10-17 00:00:00
3	1	3	0	2021-10-17 00:00:00	2021-10-17 00:00:00
4	2	1	0	2021-10-17 00:00:00	2021-10-17 00:00:00
5	2	2	0	2021-10-17 00:00:00	2021-10-17 00:00:00
6	2	3	0	2021-10-17 00:00:00	2021-10-17 00:00:00
7	3	1	0	2021-10-17 00:00:00	2021-10-17 00:00:00
8	3	2	0	2021-10-17 00:00:00	2021-10-17 00:00:00
9	3	3	0	2021-10-17 00:00:00	2021-10-17 00:00:00
10	4	1	0	2021-10-17 00:00:00	2021-10-17 00:00:00
11	4	2	0	2021-10-17 00:00:00	2021-10-17 00:00:00
12	4	3	0	2021-10-17 00:00:00	2021-10-17 00:00:00
13	5	1	0	2021-10-17 00:00:00	2021-10-17 00:00:00
14	5	2	0	2021-10-17 00:00:00	2021-10-17 00:00:00
15	5	3	0	2021-10-17 00:00:00	2021-10-17 00:00:00
16	6	1	0	2021-10-17 00:00:00	2021-10-17 00:00:00
17	6	2	0	2021-10-17 00:00:00	2021-10-17 00:00:00
18	6	3	0	2021-10-17 00:00:00	2021-10-17 00:00:00
19	7	1	0	2021-10-17 00:00:00	2021-10-17 00:00:00
20	7	2	0	2021-10-17 00:00:00	2021-10-17 00:00:00
21	7	3	0	2021-10-17 00:00:00	2021-10-17 00:00:00
22	8	1	0	2021-10-17 00:00:00	2021-10-17 00:00:00
23	8	2	0	2021-10-17 00:00:00	2021-10-17 00:00:00
24	8	3	0	2021-10-17 00:00:00	2021-10-17 00:00:00
25	9	1	0	2021-10-17 00:00:00	2021-10-17 00:00:00
26	9	2	0	2021-10-17 00:00:00	2021-10-17 00:00:00
27	9	3	0	2021-10-17 00:00:00	2021-10-17 00:00:00
28	10	1	0	2021-10-17 00:00:00	2021-10-17 00:00:00
29	10	2	0	2021-10-17 00:00:00	2021-10-17 00:00:00
30	10	3	0	2021-10-17 00:00:00	2021-10-17 00:00:00
31	11	1	0	2021-10-17 00:00:00	2021-10-17 00:00:00
32	11	2	0	2021-10-17 00:00:00	2021-10-17 00:00:00
33	11	3	0	2021-10-17 00:00:00	2021-10-17 00:00:00
34	12	1	0	2021-10-17 00:00:00	2021-10-17 00:00:00
35	12	2	0	2021-10-17 00:00:00	2021-10-17 00:00:00
36	12	3	0	2021-10-17 00:00:00	2021-10-17 00:00:00
37	13	1	0	2021-10-17 00:00:00	2021-10-17 00:00:00
38	13	2	0	2021-10-17 00:00:00	2021-10-17 00:00:00
39	13	3	0	2021-10-17 00:00:00	2021-10-17 00:00:00
40	14	1	0	2021-10-17 00:00:00	2021-10-17 00:00:00
41	14	2	0	2021-10-17 00:00:00	2021-10-17 00:00:00
42	14	3	0	2021-10-17 00:00:00	2021-10-17 00:00:00
43	15	1	0	2021-10-17 00:00:00	2021-10-17 00:00:00
44	15	2	0	2021-10-17 00:00:00	2021-10-17 00:00:00
45	15	3	0	2021-10-17 00:00:00	2021-10-17 00:00:00
46	16	1	0	2021-10-17 00:00:00	2021-10-17 00:00:00
47	16	2	0	2021-10-17 00:00:00	2021-10-17 00:00:00
48	16	3	0	2021-10-17 00:00:00	2021-10-17 00:00:00
49	17	1	0	2021-10-17 00:00:00	2021-10-17 00:00:00
50	17	2	0	2021-10-17 00:00:00	2021-10-17 00:00:00
51	17	3	0	2021-10-17 00:00:00	2021-10-17 00:00:00
52	18	1	0	2021-10-17 00:00:00	2021-10-17 00:00:00
53	18	2	0	2021-10-17 00:00:00	2021-10-17 00:00:00
54	18	3	0	2021-10-17 00:00:00	2021-10-17 00:00:00
55	19	1	0	2021-10-17 00:00:00	2021-10-17 00:00:00
56	19	2	0	2021-10-17 00:00:00	2021-10-17 00:00:00
57	19	3	0	2021-10-17 00:00:00	2021-10-17 00:00:00
58	20	1	0	2021-10-17 00:00:00	2021-10-17 00:00:00
59	20	2	0	2021-10-17 00:00:00	2021-10-17 00:00:00
60	20	3	0	2021-10-17 00:00:00	2021-10-17 00:00:00
61	21	1	0	2021-10-17 00:00:00	2021-10-17 00:00:00
62	21	2	0	2021-10-17 00:00:00	2021-10-17 00:00:00
63	21	3	0	2021-10-17 00:00:00	2021-10-17 00:00:00
64	22	1	0	2021-10-17 00:00:00	2021-10-17 00:00:00
65	22	2	0	2021-10-17 00:00:00	2021-10-17 00:00:00
66	22	3	0	2021-10-17 00:00:00	2021-10-17 00:00:00
67	23	1	0	2021-10-17 00:00:00	2021-10-17 00:00:00
68	23	2	0	2021-10-17 00:00:00	2021-10-17 00:00:00
69	23	3	0	2021-10-17 00:00:00	2021-10-17 00:00:00
70	24	1	0	2021-10-17 00:00:00	2021-10-17 00:00:00
71	24	2	0	2021-10-17 00:00:00	2021-10-17 00:00:00
72	24	3	0	2021-10-17 00:00:00	2021-10-17 00:00:00
73	25	1	0	2021-10-17 00:00:00	2021-10-17 00:00:00
74	25	2	0	2021-10-17 00:00:00	2021-10-17 00:00:00
75	25	3	0	2021-10-17 00:00:00	2021-10-17 00:00:00
76	26	1	0	2021-10-17 00:00:00	2021-10-17 00:00:00
77	26	2	0	2021-10-17 00:00:00	2021-10-17 00:00:00
78	26	3	0	2021-10-17 00:00:00	2021-10-17 00:00:00
79	27	1	0	2021-10-17 00:00:00	2021-10-17 00:00:00
80	27	2	0	2021-10-17 00:00:00	2021-10-17 00:00:00
81	27	3	0	2021-10-17 00:00:00	2021-10-17 00:00:00
82	28	1	0	2021-10-17 00:00:00	2021-10-17 00:00:00
83	28	2	0	2021-10-17 00:00:00	2021-10-17 00:00:00
84	28	3	0	2021-10-17 00:00:00	2021-10-17 00:00:00
85	29	1	0	2021-10-17 00:00:00	2021-10-17 00:00:00
86	29	2	0	2021-10-17 00:00:00	2021-10-17 00:00:00
87	29	3	0	2021-10-17 00:00:00	2021-10-17 00:00:00
88	30	1	0	2021-10-17 00:00:00	2021-10-17 00:00:00
89	30	2	0	2021-10-17 00:00:00	2021-10-17 00:00:00
90	30	3	0	2021-10-17 00:00:00	2021-10-17 00:00:00
91	31	1	0	2021-10-17 00:00:00	2021-10-17 00:00:00
92	31	2	0	2021-10-17 00:00:00	2021-10-17 00:00:00
93	31	3	0	2021-10-17 00:00:00	2021-10-17 00:00:00
94	32	1	0	2021-10-17 00:00:00	2021-10-17 00:00:00
95	32	2	0	2021-10-17 00:00:00	2021-10-17 00:00:00
96	32	3	0	2021-10-17 00:00:00	2021-10-17 00:00:00
97	33	1	0	2021-10-17 00:00:00	2021-10-17 00:00:00
98	33	2	0	2021-10-17 00:00:00	2021-10-17 00:00:00
99	33	3	0	2021-10-17 00:00:00	2021-10-17 00:00:00
100	34	1	0	2021-10-17 00:00:00	2021-10-17 00:00:00
101	34	2	0	2021-10-17 00:00:00	2021-10-17 00:00:00
102	34	3	0	2021-10-17 00:00:00	2021-10-17 00:00:00
103	35	1	0	2021-10-17 00:00:00	2021-10-17 00:00:00
104	35	2	0	2021-10-17 00:00:00	2021-10-17 00:00:00
105	35	3	0	2021-10-17 00:00:00	2021-10-17 00:00:00
106	36	1	0	2021-10-17 00:00:00	2021-10-17 00:00:00
107	36	2	0	2021-10-17 00:00:00	2021-10-17 00:00:00
108	36	3	0	2021-10-17 00:00:00	2021-10-17 00:00:00
109	37	1	0	2021-10-17 00:00:00	2021-10-17 00:00:00
110	37	2	0	2021-10-17 00:00:00	2021-10-17 00:00:00
111	37	3	0	2021-10-17 00:00:00	2021-10-17 00:00:00
112	38	1	0	2021-10-17 00:00:00	2021-10-17 00:00:00
113	38	2	0	2021-10-17 00:00:00	2021-10-17 00:00:00
114	38	3	0	2021-10-17 00:00:00	2021-10-17 00:00:00
115	39	1	0	2021-10-17 00:00:00	2021-10-17 00:00:00
116	39	2	0	2021-10-17 00:00:00	2021-10-17 00:00:00
117	39	3	0	2021-10-17 00:00:00	2021-10-17 00:00:00
118	40	1	0	2021-10-17 00:00:00	2021-10-17 00:00:00
119	40	2	0	2021-10-17 00:00:00	2021-10-17 00:00:00
120	40	3	0	2021-10-17 00:00:00	2021-10-17 00:00:00
121	41	1	0	2021-10-17 00:00:00	2021-10-17 00:00:00
122	41	2	0	2021-10-17 00:00:00	2021-10-17 00:00:00
123	41	3	0	2021-10-17 00:00:00	2021-10-17 00:00:00
124	42	1	0	2021-10-17 00:00:00	2021-10-17 00:00:00
125	43	2	0	2021-10-17 00:00:00	2021-10-17 00:00:00
126	44	3	0	2021-10-17 00:00:00	2021-10-17 00:00:00
127	45	1	0	2021-10-17 00:00:00	2021-10-17 00:00:00
128	45	2	0	2021-10-17 00:00:00	2021-10-17 00:00:00
129	45	3	0	2021-10-17 00:00:00	2021-10-17 00:00:00
130	46	1	0	2021-10-17 00:00:00	2021-10-17 00:00:00
131	46	2	0	2021-10-17 00:00:00	2021-10-17 00:00:00
132	46	3	0	2021-10-17 00:00:00	2021-10-17 00:00:00
133	47	1	0	2021-10-17 00:00:00	2021-10-17 00:00:00
134	47	2	0	2021-10-17 00:00:00	2021-10-17 00:00:00
135	47	3	0	2021-10-17 00:00:00	2021-10-17 00:00:00
136	48	1	0	2021-10-17 00:00:00	2021-10-17 00:00:00
137	48	2	0	2021-10-17 00:00:00	2021-10-17 00:00:00
138	48	3	0	2021-10-17 00:00:00	2021-10-17 00:00:00
139	49	1	0	2021-10-17 00:00:00	2021-10-17 00:00:00
140	49	2	0	2021-10-17 00:00:00	2021-10-17 00:00:00
141	49	3	0	2021-10-17 00:00:00	2021-10-17 00:00:00
142	50	1	0	2021-10-17 00:00:00	2021-10-17 00:00:00
143	50	2	0	2021-10-17 00:00:00	2021-10-17 00:00:00
144	50	3	0	2021-10-17 00:00:00	2021-10-17 00:00:00
145	51	1	0	2021-10-17 00:00:00	2021-10-17 00:00:00
146	51	2	0	2021-10-17 00:00:00	2021-10-17 00:00:00
147	51	3	0	2021-10-17 00:00:00	2021-10-17 00:00:00
148	52	1	0	2021-10-17 00:00:00	2021-10-17 00:00:00
149	52	2	0	2021-10-17 00:00:00	2021-10-17 00:00:00
150	52	3	0	2021-10-17 00:00:00	2021-10-17 00:00:00
151	53	1	0	2021-10-17 00:00:00	2021-10-17 00:00:00
152	53	2	0	2021-10-17 00:00:00	2021-10-17 00:00:00
153	53	3	0	2021-10-17 00:00:00	2021-10-17 00:00:00
154	54	1	0	2021-10-17 00:00:00	2021-10-17 00:00:00
155	54	2	0	2021-10-17 00:00:00	2021-10-17 00:00:00
156	54	3	0	2021-10-17 00:00:00	2021-10-17 00:00:00
157	55	1	0	2021-10-17 00:00:00	2021-10-17 00:00:00
158	55	2	0	2021-10-17 00:00:00	2021-10-17 00:00:00
159	55	3	0	2021-10-17 00:00:00	2021-10-17 00:00:00
160	56	1	0	2021-10-17 00:00:00	2021-10-17 00:00:00
161	56	2	0	2021-10-17 00:00:00	2021-10-17 00:00:00
162	56	3	0	2021-10-17 00:00:00	2021-10-17 00:00:00
163	57	1	0	2021-10-17 00:00:00	2021-10-17 00:00:00
164	57	2	0	2021-10-17 00:00:00	2021-10-17 00:00:00
165	57	3	0	2021-10-17 00:00:00	2021-10-17 00:00:00
166	58	1	0	2021-10-17 00:00:00	2021-10-17 00:00:00
167	58	2	0	2021-10-17 00:00:00	2021-10-17 00:00:00
168	58	3	0	2021-10-17 00:00:00	2021-10-17 00:00:00
169	59	1	0	2021-10-17 00:00:00	2021-10-17 00:00:00
170	59	2	0	2021-10-17 00:00:00	2021-10-17 00:00:00
171	59	3	0	2021-10-17 00:00:00	2021-10-17 00:00:00
172	60	1	0	2021-10-17 00:00:00	2021-10-17 00:00:00
173	60	2	0	2021-10-17 00:00:00	2021-10-17 00:00:00
174	60	3	0	2021-10-17 00:00:00	2021-10-17 00:00:00
175	61	1	0	2021-10-17 00:00:00	2021-10-17 00:00:00
176	61	2	0	2021-10-17 00:00:00	2021-10-17 00:00:00
177	61	3	0	2021-10-17 00:00:00	2021-10-17 00:00:00
178	62	1	0	2021-10-17 00:00:00	2021-10-17 00:00:00
179	62	2	0	2021-10-17 00:00:00	2021-10-17 00:00:00
180	62	3	0	2021-10-17 00:00:00	2021-10-17 00:00:00
181	63	1	0	2021-10-17 00:00:00	2021-10-17 00:00:00
182	63	2	0	2021-10-17 00:00:00	2021-10-17 00:00:00
183	63	3	0	2021-10-17 00:00:00	2021-10-17 00:00:00
184	64	1	0	2021-10-17 00:00:00	2021-10-17 00:00:00
185	64	2	0	2021-10-17 00:00:00	2021-10-17 00:00:00
186	64	3	0	2021-10-17 00:00:00	2021-10-17 00:00:00
187	65	1	0	2021-10-17 00:00:00	2021-10-17 00:00:00
188	65	2	0	2021-10-17 00:00:00	2021-10-17 00:00:00
189	65	3	0	2021-10-17 00:00:00	2021-10-17 00:00:00
190	66	1	0	2021-10-17 00:00:00	2021-10-17 00:00:00
191	66	2	0	2021-10-17 00:00:00	2021-10-17 00:00:00
192	66	3	0	2021-10-17 00:00:00	2021-10-17 00:00:00
193	67	1	0	2021-10-17 00:00:00	2021-10-17 00:00:00
194	67	2	0	2021-10-17 00:00:00	2021-10-17 00:00:00
195	67	3	0	2021-10-17 00:00:00	2021-10-17 00:00:00
196	68	1	0	2021-10-17 00:00:00	2021-10-17 00:00:00
197	68	2	0	2021-10-17 00:00:00	2021-10-17 00:00:00
198	68	3	0	2021-10-17 00:00:00	2021-10-17 00:00:00
199	69	1	0	2021-10-17 00:00:00	2021-10-17 00:00:00
200	69	2	0	2021-10-17 00:00:00	2021-10-17 00:00:00
201	69	3	0	2021-10-17 00:00:00	2021-10-17 00:00:00
202	70	1	0	2021-10-17 00:00:00	2021-10-17 00:00:00
203	70	2	0	2021-10-17 00:00:00	2021-10-17 00:00:00
204	70	3	0	2021-10-17 00:00:00	2021-10-17 00:00:00
205	71	1	0	2021-10-17 00:00:00	2021-10-17 00:00:00
206	71	2	0	2021-10-17 00:00:00	2021-10-17 00:00:00
207	71	3	0	2021-10-17 00:00:00	2021-10-17 00:00:00
208	72	1	0	2021-10-17 00:00:00	2021-10-17 00:00:00
209	72	2	0	2021-10-17 00:00:00	2021-10-17 00:00:00
210	72	3	0	2021-10-17 00:00:00	2021-10-17 00:00:00
211	73	1	0	2021-10-17 00:00:00	2021-10-17 00:00:00
212	73	2	0	2021-10-17 00:00:00	2021-10-17 00:00:00
213	73	3	0	2021-10-17 00:00:00	2021-10-17 00:00:00
214	74	1	0	2021-10-17 00:00:00	2021-10-17 00:00:00
215	74	2	0	2021-10-17 00:00:00	2021-10-17 00:00:00
216	74	3	0	2021-10-17 00:00:00	2021-10-17 00:00:00
217	75	1	0	2021-10-17 00:00:00	2021-10-17 00:00:00
218	75	2	0	2021-10-17 00:00:00	2021-10-17 00:00:00
219	75	3	0	2021-10-17 00:00:00	2021-10-17 00:00:00
220	76	1	0	2021-10-17 00:00:00	2021-10-17 00:00:00
221	76	2	0	2021-10-17 00:00:00	2021-10-17 00:00:00
222	76	3	0	2021-10-17 00:00:00	2021-10-17 00:00:00
223	77	1	0	2021-10-17 00:00:00	2021-10-17 00:00:00
224	77	2	0	2021-10-17 00:00:00	2021-10-17 00:00:00
225	77	3	0	2021-10-17 00:00:00	2021-10-17 00:00:00
226	78	1	0	2021-10-17 00:00:00	2021-10-17 00:00:00
227	78	2	0	2021-10-17 00:00:00	2021-10-17 00:00:00
228	78	3	0	2021-10-17 00:00:00	2021-10-17 00:00:00
229	79	1	0	2021-10-17 00:00:00	2021-10-17 00:00:00
230	79	2	0	2021-10-17 00:00:00	2021-10-17 00:00:00
231	79	3	0	2021-10-17 00:00:00	2021-10-17 00:00:00
232	80	1	0	2021-10-17 00:00:00	2021-10-17 00:00:00
233	80	2	0	2021-10-17 00:00:00	2021-10-17 00:00:00
234	80	3	0	2021-10-17 00:00:00	2021-10-17 00:00:00
235	81	1	0	2021-10-17 00:00:00	2021-10-17 00:00:00
236	81	2	0	2021-10-17 00:00:00	2021-10-17 00:00:00
237	81	3	0	2021-10-17 00:00:00	2021-10-17 00:00:00
238	82	1	0	2021-10-17 00:00:00	2021-10-17 00:00:00
239	82	2	0	2021-10-17 00:00:00	2021-10-17 00:00:00
240	82	3	0	2021-10-17 00:00:00	2021-10-17 00:00:00
241	83	1	0	2021-10-17 00:00:00	2021-10-17 00:00:00
242	83	2	0	2021-10-17 00:00:00	2021-10-17 00:00:00
243	83	3	0	2021-10-17 00:00:00	2021-10-17 00:00:00
244	84	1	0	2021-10-17 00:00:00	2021-10-17 00:00:00
245	84	2	0	2021-10-17 00:00:00	2021-10-17 00:00:00
246	84	3	0	2021-10-17 00:00:00	2021-10-17 00:00:00
247	80	1	0	2021-10-17 00:00:00	2021-10-17 00:00:00
248	80	2	0	2021-10-17 00:00:00	2021-10-17 00:00:00
249	80	3	0	2021-10-17 00:00:00	2021-10-17 00:00:00
250	81	1	0	2021-10-17 00:00:00	2021-10-17 00:00:00
251	81	2	0	2021-10-17 00:00:00	2021-10-17 00:00:00
252	81	3	0	2021-10-17 00:00:00	2021-10-17 00:00:00
253	82	1	0	2021-10-17 00:00:00	2021-10-17 00:00:00
254	82	2	0	2021-10-17 00:00:00	2021-10-17 00:00:00
255	82	3	0	2021-10-17 00:00:00	2021-10-17 00:00:00
256	83	1	0	2021-10-17 00:00:00	2021-10-17 00:00:00
257	83	2	0	2021-10-17 00:00:00	2021-10-17 00:00:00
258	83	3	0	2021-10-17 00:00:00	2021-10-17 00:00:00
259	84	1	0	2021-10-17 00:00:00	2021-10-17 00:00:00
260	84	2	0	2021-10-17 00:00:00	2021-10-17 00:00:00
261	84	3	0	2021-10-17 00:00:00	2021-10-17 00:00:00
262	85	1	0	2021-10-17 00:00:00	2021-10-17 00:00:00
263	85	2	0	2021-10-17 00:00:00	2021-10-17 00:00:00
264	85	3	0	2021-10-17 00:00:00	2021-10-17 00:00:00
265	86	1	0	2021-10-17 00:00:00	2021-10-17 00:00:00
266	86	2	0	2021-10-17 00:00:00	2021-10-17 00:00:00
267	86	3	0	2021-10-17 00:00:00	2021-10-17 00:00:00
268	87	1	0	2021-10-17 00:00:00	2021-10-17 00:00:00
269	87	2	0	2021-10-17 00:00:00	2021-10-17 00:00:00
270	87	3	0	2021-10-17 00:00:00	2021-10-17 00:00:00
271	88	1	0	2021-10-17 00:00:00	2021-10-17 00:00:00
272	88	2	0	2021-10-17 00:00:00	2021-10-17 00:00:00
273	88	3	0	2021-10-17 00:00:00	2021-10-17 00:00:00
274	89	1	0	2021-10-17 00:00:00	2021-10-17 00:00:00
275	89	2	0	2021-10-17 00:00:00	2021-10-17 00:00:00
276	89	3	0	2021-10-17 00:00:00	2021-10-17 00:00:00
277	84	1	0	2021-10-17 00:00:00	2021-10-17 00:00:00
278	84	2	0	2021-10-17 00:00:00	2021-10-17 00:00:00
279	84	3	0	2021-10-17 00:00:00	2021-10-17 00:00:00
280	85	1	0	2021-10-17 00:00:00	2021-10-17 00:00:00
281	85	2	0	2021-10-17 00:00:00	2021-10-17 00:00:00
282	85	3	0	2021-10-17 00:00:00	2021-10-17 00:00:00
283	86	1	0	2021-10-17 00:00:00	2021-10-17 00:00:00
284	86	2	0	2021-10-17 00:00:00	2021-10-17 00:00:00
285	86	3	0	2021-10-17 00:00:00	2021-10-17 00:00:00
286	87	1	0	2021-10-17 00:00:00	2021-10-17 00:00:00
287	87	2	0	2021-10-17 00:00:00	2021-10-17 00:00:00
288	87	3	0	2021-10-17 00:00:00	2021-10-17 00:00:00
289	88	1	0	2021-10-17 00:00:00	2021-10-17 00:00:00
290	88	2	0	2021-10-17 00:00:00	2021-10-17 00:00:00
291	88	3	0	2021-10-17 00:00:00	2021-10-17 00:00:00
292	89	1	0	2021-10-17 00:00:00	2021-10-17 00:00:00
293	89	2	0	2021-10-17 00:00:00	2021-10-17 00:00:00
294	89	3	0	2021-10-17 00:00:00	2021-10-17 00:00:00
295	90	1	0	2021-10-17 00:00:00	2021-10-17 00:00:00
296	90	2	0	2021-10-17 00:00:00	2021-10-17 00:00:00
297	90	3	0	2021-10-17 00:00:00	2021-10-17 00:00:00
298	91	1	0	2021-10-17 00:00:00	2021-10-17 00:00:00
299	91	2	0	2021-10-17 00:00:00	2021-10-17 00:00:00
300	91	3	0	2021-10-17 00:00:00	2021-10-17 00:00:00
301	92	1	0	2021-10-17 00:00:00	2021-10-17 00:00:00
302	92	2	0	2021-10-17 00:00:00	2021-10-17 00:00:00
303	92	3	0	2021-10-17 00:00:00	2021-10-17 00:00:00
304	93	1	0	2021-10-17 00:00:00	2021-10-17 00:00:00
305	93	2	0	2021-10-17 00:00:00	2021-10-17 00:00:00
306	93	3	0	2021-10-17 00:00:00	2021-10-17 00:00:00
307	94	1	0	2021-10-17 00:00:00	2021-10-17 00:00:00
308	94	2	0	2021-10-17 00:00:00	2021-10-17 00:00:00
309	94	3	0	2021-10-17 00:00:00	2021-10-17 00:00:00
310	95	1	0	2021-10-17 00:00:00	2021-10-17 00:00:00
311	95	2	0	2021-10-17 00:00:00	2021-10-17 00:00:00
312	95	3	0	2021-10-17 00:00:00	2021-10-17 00:00:00
313	96	1	0	2021-10-17 00:00:00	2021-10-17 00:00:00
314	96	2	0	2021-10-17 00:00:00	2021-10-17 00:00:00
315	96	3	0	2021-10-17 00:00:00	2021-10-17 00:00:00
316	97	1	0	2021-10-17 00:00:00	2021-10-17 00:00:00
317	97	2	0	2021-10-17 00:00:00	2021-10-17 00:00:00
318	97	3	0	2021-10-17 00:00:00	2021-10-17 00:00:00
319	98	1	0	2021-12-16 00:00:00	2021-12-16 00:00:00
320	98	2	0	2021-12-16 00:00:00	2021-12-16 00:00:00
321	98	3	0	2021-12-16 00:00:00	2021-12-16 00:00:00
322	99	1	0	2021-12-16 00:00:00	2021-12-16 00:00:00
323	99	2	0	2021-12-16 00:00:00	2021-12-16 00:00:00
324	99	3	0	2021-12-16 00:00:00	2021-12-16 00:00:00
325	100	1	0	2021-12-16 00:00:00	2021-12-16 00:00:00
326	100	2	0	2021-12-16 00:00:00	2021-12-16 00:00:00
327	100	3	0	2021-12-16 00:00:00	2021-12-16 00:00:00
328	101	1	0	2021-12-16 00:00:00	2021-12-16 00:00:00
329	101	2	0	2021-12-16 00:00:00	2021-12-16 00:00:00
330	101	3	0	2021-12-16 00:00:00	2021-12-16 00:00:00
\.


COPY public.auth (family_name, secret_id, family_id, created_at, updated_at) FROM stdin;
Jain	4269	1	2021-05-17 00:00:00	2021-05-17 00:00:00
Sharma	7943	2	2021-05-17 00:00:00	2021-05-17 00:00:00
Majhail	1164	3	2021-05-17 00:00:00	2021-05-17 00:00:00
Kaushal	2681	4	2021-05-17 00:00:00	2021-05-17 00:00:00
Kaushal	3416	5	2021-05-17 00:00:00	2021-05-17 00:00:00
Kaushal	6288	6	2021-10-17 00:00:00	2021-10-17 00:00:00
Kaushal	5801	7	2021-10-17 00:00:00	2021-10-17 00:00:00
Kaushal	8478	8	2021-10-17 00:00:00	2021-10-17 00:00:00
Batish	6579	9	2021-10-17 00:00:00	2021-10-17 00:00:00
Batish	4417	10	2021-10-17 00:00:00	2021-10-17 00:00:00
Batish	5334	11	2021-10-17 00:00:00	2021-10-17 00:00:00
Battish	6658	12	2021-10-17 00:00:00	2021-10-17 00:00:00
Battish	6578	13	2021-10-17 00:00:00	2021-10-17 00:00:00
Battish	7488	14	2021-10-17 00:00:00	2021-10-17 00:00:00
Battish	5029	15	2021-10-17 00:00:00	2021-10-17 00:00:00
Battish	3248	16	2021-10-17 00:00:00	2021-10-17 00:00:00
Battish	5962	17	2021-10-17 00:00:00	2021-10-17 00:00:00
Patel	7059	18	2021-10-17 00:00:00	2021-10-17 00:00:00
Dhawan	9749	19	2021-10-17 00:00:00	2021-10-17 00:00:00
Arora	7199	20	2021-10-17 00:00:00	2021-10-17 00:00:00
Kapoor	1102	21	2021-10-17 00:00:00	2021-10-17 00:00:00
Jaychandran	9198	22	2021-10-17 00:00:00	2021-10-17 00:00:00
Setia	3357	23	2021-10-17 00:00:00	2021-10-17 00:00:00
Indumati	5060	24	2021-10-17 00:00:00	2021-10-17 00:00:00
Nayak	8592	25	2021-10-17 00:00:00	2021-10-17 00:00:00
Manu	7491	26	2021-10-17 00:00:00	2021-10-17 00:00:00
Rastogi	7511	27	2021-10-17 00:00:00	2021-10-17 00:00:00
Jolly	8196	28	2021-10-17 00:00:00	2021-10-17 00:00:00
Ryan	2401	29	2021-10-17 00:00:00	2021-10-17 00:00:00
McNeil	7217	30	2021-10-17 00:00:00	2021-10-17 00:00:00
Burnham	4331	31	2021-10-17 00:00:00	2021-10-17 00:00:00
Burnham	7297	32	2021-10-17 00:00:00	2021-10-17 00:00:00
Bozicevich	6556	33	2021-10-17 00:00:00	2021-10-17 00:00:00
Casterline	6180	34	2021-10-17 00:00:00	2021-10-17 00:00:00
Settineri	2174	35	2021-10-17 00:00:00	2021-10-17 00:00:00
Tsuda	5172	36	2021-10-17 00:00:00	2021-10-17 00:00:00
Swanson	3079	37	2021-10-17 00:00:00	2021-10-17 00:00:00
Sharma	7231	38	2021-10-17 00:00:00	2021-10-17 00:00:00
Ababio	8432	39	2021-10-17 00:00:00	2021-10-17 00:00:00
Jabin	3314	40	2021-10-17 00:00:00	2021-10-17 00:00:00
Ali	9279	41	2021-10-17 00:00:00	2021-10-17 00:00:00
Sharma	1040	42	2021-10-17 00:00:00	2021-10-17 00:00:00
Jain	1169	43	2021-10-17 00:00:00	2021-10-17 00:00:00
Jain	1548	44	2021-10-17 00:00:00	2021-10-17 00:00:00
Jain	5947	45	2021-10-17 00:00:00	2021-10-17 00:00:00
Jain	6493	46	2021-10-17 00:00:00	2021-10-17 00:00:00
Jain	7975	47	2021-10-17 00:00:00	2021-10-17 00:00:00
Sharma	9243	48	2021-10-17 00:00:00	2021-10-17 00:00:00
Vasudevan	1546	49	2021-10-17 00:00:00	2021-10-17 00:00:00
Sharma	4944	50	2021-10-17 00:00:00	2021-10-17 00:00:00
Singh	8742	51	2021-10-17 00:00:00	2021-10-17 00:00:00
Manchanda	9656	52	2021-10-17 00:00:00	2021-10-17 00:00:00
Bawa	9184	53	2021-10-17 00:00:00	2021-10-17 00:00:00
Aggarwal	1992	54	2021-10-17 00:00:00	2021-10-17 00:00:00
Katyal	5124	55	2021-10-17 00:00:00	2021-10-17 00:00:00
Sud	4399	56	2021-10-17 00:00:00	2021-10-17 00:00:00
Dogra	7066	57	2021-10-17 00:00:00	2021-10-17 00:00:00
Joshi	5971	58	2021-10-17 00:00:00	2021-10-17 00:00:00
Raghavan	2752	59	2021-10-17 00:00:00	2021-10-17 00:00:00
Marwah	4769	60	2021-10-17 00:00:00	2021-10-17 00:00:00
Monteforte	8184	61	2021-10-17 00:00:00	2021-10-17 00:00:00
Dhillon	2384	62	2021-10-17 00:00:00	2021-10-17 00:00:00
Nair	1090	63	2021-10-17 00:00:00	2021-10-17 00:00:00
Kanodia	4780	64	2021-10-17 00:00:00	2021-10-17 00:00:00
Malhotra	4156	65	2021-10-17 00:00:00	2021-10-17 00:00:00
Sandhu	6975	66	2021-10-17 00:00:00	2021-10-17 00:00:00
Wadhwa	6957	67	2021-10-17 00:00:00	2021-10-17 00:00:00
Gupta	8271	68	2021-10-17 00:00:00	2021-10-17 00:00:00
Baluja	4660	69	2021-10-17 00:00:00	2021-10-17 00:00:00
Takiar	2423	70	2021-10-17 00:00:00	2021-10-17 00:00:00
Singh	7688	71	2021-10-17 00:00:00	2021-10-17 00:00:00
Baluja	9082	72	2021-10-17 00:00:00	2021-10-17 00:00:00
Walia	4781	73	2021-10-17 00:00:00	2021-10-17 00:00:00
Singh	1459	74	2021-10-17 00:00:00	2021-10-17 00:00:00
Gulati	8619	75	2021-10-17 00:00:00	2021-10-17 00:00:00
Gupta	4636	76	2021-10-17 00:00:00	2021-10-17 00:00:00
Eidnani	7710	77	2021-10-17 00:00:00	2021-10-17 00:00:00
Singh	5152	78	2021-10-17 00:00:00	2021-10-17 00:00:00
Payravi	5267	79	2021-10-17 00:00:00	2021-10-17 00:00:00
Patel	4129	80	2021-10-17 00:00:00	2021-10-17 00:00:00
Vaday	2607	81	2021-10-17 00:00:00	2021-10-17 00:00:00
Zhu	5569	82	2021-10-17 00:00:00	2021-10-17 00:00:00
Moparti	2222	83	2021-10-17 00:00:00	2021-10-17 00:00:00
Alarcon	5170	84	2021-10-17 00:00:00	2021-10-17 00:00:00
Parekh	1000	85	2021-10-17 00:00:00	2021-10-17 00:00:00
Patel	6389	86	2021-10-17 00:00:00	2021-10-17 00:00:00
Seile	4144	87	2021-10-17 00:00:00	2021-10-17 00:00:00
Oh	7814	88	2021-10-17 00:00:00	2021-10-17 00:00:00
Messing	1785	89	2021-10-17 00:00:00	2021-10-17 00:00:00
Jain	9515	90	2021-10-17 00:00:00	2021-10-17 00:00:00
Panesar	6982	91	2021-10-17 00:00:00	2021-10-17 00:00:00
Tandon	5012	92	2021-10-17 00:00:00	2021-10-17 00:00:00
Akkad	8064	93	2021-10-17 00:00:00	2021-10-17 00:00:00
Thomas	6898	94	2021-10-17 00:00:00	2021-10-17 00:00:00
Arora	2270	95	2021-10-17 00:00:00	2021-10-17 00:00:00
Arzhanova	9759	96	2021-10-17 00:00:00	2021-10-17 00:00:00
Gusani	8008	97	2021-10-17 00:00:00	2021-10-17 00:00:00
Batish	6780	98	2021-12-16 00:00:00	2021-12-16 00:00:00
Sharma	7533	99	2021-12-16 00:00:00	2021-12-16 00:00:00
Sharma	4282	100	2021-12-16 00:00:00	2021-12-16 00:00:00
Sharma	6710	101	2021-12-16 00:00:00	2021-12-16 00:00:00
\.


--
-- Name: genres_id_seq; Type: SEQUENCE SET; Schema: public; Owner: -
--

SELECT pg_catalog.setval('public.events_id_seq', 3, true);


--
-- Name: movies_genres_id_seq; Type: SEQUENCE SET; Schema: public; Owner: -
--

SELECT pg_catalog.setval('public.family_events_id_seq', 4, false);


--
-- Name: movies_id_seq; Type: SEQUENCE SET; Schema: public; Owner: -
--

SELECT pg_catalog.setval('public.family_id_seq', 97, true);


--
-- Name: genres genres_pkey; Type: CONSTRAINT; Schema: public; Owner: -
--

ALTER TABLE ONLY public.events
    ADD CONSTRAINT events_pkey PRIMARY KEY (id);


--
-- Name: movies_genres movies_genres_pkey; Type: CONSTRAINT; Schema: public; Owner: -
--

ALTER TABLE ONLY public.family_events
    ADD CONSTRAINT family_events_pkey PRIMARY KEY (id);


--
-- Name: movies movies_pkey; Type: CONSTRAINT; Schema: public; Owner: -
--

ALTER TABLE ONLY public.family
    ADD CONSTRAINT family_pkey PRIMARY KEY (id);


ALTER TABLE ONLY public.auth
    ADD CONSTRAINT auth_pkey PRIMARY KEY (family_id);


--
-- Name: movies_genres fk_movie_genries_genre_id; Type: FK CONSTRAINT; Schema: public; Owner: -
--

ALTER TABLE ONLY public.family_events
    ADD CONSTRAINT fk_family_events_event_id FOREIGN KEY (event_id) REFERENCES public.events(id);


--
-- Name: movies_genres fk_movie_genries_movie_id; Type: FK CONSTRAINT; Schema: public; Owner: -
--

ALTER TABLE ONLY public.family_events
    ADD CONSTRAINT fk_family_events_family_id FOREIGN KEY (family_id) REFERENCES public.family(id);



ALTER TABLE ONLY public.auth
    ADD CONSTRAINT fk_auth_family_id FOREIGN KEY (family_id) REFERENCES public.family(id);
--
-- PostgreSQL database dump complete
